id;prenom;nom;code postal;Lattitude;Longitude;bureau
1;Anne;Chan;270237;6,40742;-100,02434;Montgomery
2;Tashya;Freeman;6430;-32,64649;-51,44752;Belmonte del Sannio
3;Heidi;Gilliam;246810;-46,80524;-81,42782;Ganganagar
4;Colt;Franklin;139401;46,69502;85,74358;Smoky Lake
5;Ella;Hale;ZS2I 2DV;12,2529;-162,58542;South Perth
6;Noelle;Pratt;10108;81,58552;54,72497;Andalo
7;Clementine;Lindsey;80685;-13,87798;-154,25184;Caloundra
8;Urielle;Randolph;R2 9WB;-56,59513;-37,05108;Terzorio
9;Alika;Lyons;3333OA;-23,37951;-97,0212;Hattiesburg
10;Maggy;Browning;3332;49,31014;-58,26434;Quirihue
11;Maris;Hughes;60-457;60,51264;-146,00461;Leamington
12;Sheila;Pierce;24908;-5,71581;-150,18818;San Chirico Nuovo
13;Allen;Roberts;2956;-61,93975;-170,77735;Dumbarton
14;Roth;Baldwin;316443;26,92809;-11,20306;Turriff
15;Cody;Bonner;85276;66,7036;89,12887;Pincher Creek
16;Uriel;Miranda;92077;42,59945;-9,63026;Ferrere
17;Xerxes;Conrad;51809;69,43062;166,56061;Anderlues
18;Amethyst;Joseph;392;-37,02602;-50,73758;Graven Grez-Doiceau
19;Hope;Duffy;77740;-44,25476;-74,91196;Cádiz
20;Craig;Watson;TH3N 9HA;17,85355;-91,80584;Saltara
21;Zelda;Wyatt;330676;-71,48027;-115,42267;Colleretto Castelnuovo
22;Hedy;Gallegos;177826;46,7416;42,8356;Boechout
23;Yen;Frazier;10-547;29,0526;75,74492;Curitiba
24;Clarke;Gonzales;72629;40,48031;-99,61661;Wunstorf
25;Solomon;Romero;5606OQ;-49,36529;86,9685;Gloucester
26;Liberty;Greer;6279;-9,85697;179,92611;Petit-Thier
27;Jared;Richard;36069;68,66892;-119,34305;Zuienkerke
28;Gay;Gutierrez;55269;81,71732;-78,83103;Wilmont
29;Piper;Nixon;JX43 9BA;78,69534;-118,08316;Driffield
30;Indigo;Barker;276183;0,2625;-92,6824;Desteldonk
31;Herrod;Mack;22979;-41,63931;-7,64208;Juazeiro
32;Gay;Hubbard;81294;-5,62169;-139,66981;Corvino San Quirico
33;Ian;Watson;10979-453;-14,36507;130,73455;Lampa
34;Beatrice;Morton;90841;41,93938;-155,88134;Varsenare
35;Callie;Francis;67854;69,31528;147,24804;Airdrie
36;Maisie;Kirby;15887;74,98331;-124,7547;Belfast
37;Meredith;Sykes;1006;-3,49584;-13,75813;Biarritz
38;Gillian;Guzman;15731;11,36526;-169,78835;Würzburg
39;Maxine;Vaughn;80054;-47,02509;108,27644;Invergordon
40;Kuame;Gibbs;69916;42,49017;-97,65281;Freiberg
41;Aphrodite;Cunningham;3953;-29,01013;162,94538;Forchtenstein
42;Angelica;Richard;610580;88,32998;32,05299;Amlwch
43;Mufutau;Glover;35178-879;-60,49036;40,74521;Rochester
44;Matthew;Burgess;T1M 6G7;86,59603;-77,51784;Anthisnes
45;Francesca;Fields;8598;-32,57382;0,49052;Roermond
46;Randall;Camacho;81117;14,84634;84,12792;Steyr
47;Miriam;Torres;5700;82,06627;-25,92648;Ferrere
48;Knox;Rojas;391252;-55,46664;138,18019;Llanquihue
49;Malik;Gonzalez;41213;60,35923;-46,87641;Lourdes
50;Baker;Fernandez;20999;16,01152;131,79512;Beaufays
51;Shana;Gentry;43867;56,60458;-103,81851;Albi
52;Simone;Hurley;61800;76,83252;-131,04527;Newmarket
53;Cassidy;Terry;9871;41,19385;59,56983;Joinville
54;Craig;Solis;49420;-79,65232;-135,75219;Thiaumont
55;Maisie;Norris;70-882;9,01584;-64,60653;Vastogirardi
56;Myles;Robinson;65794;-85,14709;117,13861;Cerro Navia
57;Stone;Mathis;10213;81,45354;155,178;Bear
58;Hyatt;Manning;495346;-25,37466;-77,29903;Scena/Schenna
59;Theodore;Oliver;38394;30,23338;77,58672;Den Helder
60;Blaine;Maldonado;32291;-89,22423;140,57909;Caxias do Sul
61;Mollie;Vega;B6W 7H8;54,69238;-33,39165;Purranque
62;Fuller;Heath;419840;18,3616;-153,33857;Ripabottoni
63;Macy;Ramos;2790;63,14265;131,77351;Hereford
64;Jarrod;Flores;931882;-28,69734;135,59868;Paranaguá
65;Charde;Ross;464992;17,35281;57,07849;Flint
66;Olga;Holder;90159;43,06658;-97,82084;Owen Sound
67;Amir;Lynch;YS7Z 0YC;25,88842;-33,40654;Waalwijk
68;Levi;Briggs;92541;-40,55267;168,94299;Orsara di Puglia
69;Aline;Russo;2293;43,64275;-155,5177;Termeno sulla strada del vino/Tramin an der Weinstrasse
70;Tara;Wilkins;63469;-26,81024;-58,59479;Weiz
71;Hop;Rosales;69691;41,32918;62,50287;Saint-Mard
72;Ezra;Edwards;15780;-59,77687;-52,05482;Hexham
73;Buckminster;Cooper;RS0T 0KU;18,12081;-142,11813;Palmariggi
74;Tyler;Russell;2670;-19,23721;104,08142;Penicuik
75;Len;Holman;P8 8TP;-70,03092;25,71182;Kızılcahamam
76;Jackson;Calderon;48155;-27,27501;53,36259;Helena
77;Micah;Alexander;MG65 8IA;86,8542;-13,32152;Etalle
78;September;Levy;9894GZ;68,7759;159,50825;Oetingen
79;Daria;Patton;67997;19,8884;137,63052;Modakeke
80;Emery;Horton;8007WK;25,56739;1,19732;Novo Hamburgo
81;Jacqueline;Russell;32-025;26,41236;-32,64701;Sasaram
82;Alfonso;Leon;3813;10,38173;82,82796;Quillota
83;Georgia;Peck;1060;-33,24768;-151,08283;Aparecida de Goiânia
84;Elmo;Berger;897272;-1,77656;167,2522;Villa Latina
85;Abraham;Osborn;M21 3TG;65,33346;37,68963;Sant'Eufemia a Maiella
86;Charde;Mcguire;534870;-16,85448;-135,60481;Telfs
87;Callie;Bolton;84677;-83,24536;-123,64596;Lampertheim
88;Nadine;Padilla;547218;31,34965;45,61845;Rocca San Felice
89;Rama;Johnson;8715XR;-6,80457;41,15946;Smithers
90;Cameron;Zamora;656964;-89,14132;-99,05129;Brechin
91;Winter;Simpson;5017;74,65082;178,85256;Calco
92;Roary;Kane;IA4 6QZ;45,69203;-179,11338;Bamberg
93;Willa;Kemp;18360;40,31273;171,96403;Fort Saskatchewan
94;Nash;Flynn;32343;21,16084;6,59681;Vauda Canavese
95;Edan;Cooper;506322;-20,19229;2,05953;Concepción
96;Alan;Castillo;119858;47,06933;-104,88758;Hattem
97;Curran;Payne;77725;-80,99588;-117,69345;Nemoli
98;Dakota;Lester;N6S 4OX;-45,07786;12,15952;Telfs
99;Joy;Tran;5910;68,23422;-179,29277;Maipú
100;Mira;Hester;66269;50,56728;-100,82989;Scheggino
